Barri;Metres_Quadrats;Num_Habitacions;Num_Lavabos;Preu;Tipus_Immoble
Dreta de l´Eixample;305;7;3;3.800 €;Piso
Sant Gervasi - Galvany;135;3;2;1.905 €;Piso
Dreta de l´Eixample;71;2;2;1.520 €;Piso
Vila de Gràcia;45;;1;850 €;Piso
Putget - Farró;105;3;2;1.900 €;Piso
Sant Gervasi - Bonanova;70;2;1;850 €;Piso
Baix Guinardó;54;2;1;860 €;Piso
Camp d´en Grassot - Gràcia N.;61;2;2;1.050 €;Piso
Putget - Farró;130;3;2;2.800 €;Ático
Sant Gervasi - Galvany;110;2;2;1.800 €;Piso
Sant Gervasi - Galvany;190;4;3;4.200 €;Piso
Vall d´Hebron;78;2;1;990 €;Piso
Sants;70;2;2;945 €;Piso
Can Baró;86;3;1;1.090 €;Piso
Sant Ramon - Maternitat;84;3;2;1.050 €;Apartamento
Vila de Gràcia;80;4;1;1.000 €;Piso
Sarrià;80;2;1;1.300 €;Piso
Esquerra Alta de l´Eixample;123;3;2;1.430 €;Piso
Diagonal Mar - La Mar Bella;108;3;2;1.500 €;Piso
Esquerra Baixa de l´Eixample;70;3;1;1.000 €;Piso
Putget - Farró;230;6;3;2.950 €;Piso
Dreta de l´Eixample;172;3;4;7.500 €;Apartamento
Pedralbes;120;4;2;1.300 €;Piso
Camp d´en Grassot - Gràcia N.;75;2;1;1.000 €;Piso
Sarrià;110;3;2;1.650 €;Piso
Sant Gervasi - Bonanova;100;2;2;1.200 €;Piso
Sant Gervasi - Galvany;154;4;3;1.990 €;Piso
Dreta de l´Eixample;50;;1;1.000 €;Piso
La Marina-Montjuïc;84;3;1;900 €;Piso
Gòtic;104;;1;1.500 €;Piso
Dreta de l´Eixample;75;;1;2.300 €;Casa
Putget - Farró;86;3;2;1.200 €;Piso
Dreta de l´Eixample;67;2;2;1.850 €;Piso
Sant Gervasi - Galvany;151;3;2;2.100 €;Piso
Poble Sec;53;;1;740 €;Piso
Esquerra Alta de l´Eixample;73;3;1;1.150 €;Piso
Gòtic;94;2;2;1.200 €;Piso
Poblenou;65;2;1;990 €;Piso
Diagonal Mar - La Mar Bella;92;2;1;1.195 €;Apartamento
Fort Pienc;115;4;2;1.175 €;Piso
Esquerra Alta de l´Eixample;125;3;2;1.400 €;Piso
Dreta de l´Eixample;110;3;2;1.800 €;Piso
St. Pere - Sta. Caterina - El Born;116;3;2;1.500 €;Piso
Les Corts;75;3;2;1.100 €;Dúplex
Sarrià;75;3;1;1.000 €;Piso
Dreta de l´Eixample;90;3;1;1.100 €;Piso
La Bordeta;50;;1;890 €;Piso
Vila de Gràcia;93;3;2;1.200 €;Piso
Sant Gervasi - Bonanova;650;5;6;12.000 €;Casa
Gòtic;71;2;2;1.250 €;Piso
La Bordeta;71;2;1;1.060 €;Piso
El Clot;101;3;2;1.300 €;Piso
Vila de Gràcia;95;;1;1.190 €;Piso
Esquerra Alta de l´Eixample;74;4;1;1.000 €;Piso
Esquerra Alta de l´Eixample;170;3;1;1.200 €;Piso
Badal;49;;2;690 €;Apartamento
Sant Gervasi - Galvany;70;3;1;1.200 €;Piso
Sant Gervasi - Galvany;152;5;2;1.950 €;Piso
Sant Gervasi - Galvany;50;;1;1.075 €;Loft
Sant Gervasi - Galvany;62;;1;1.025 €;Piso
Esquerra Baixa de l´Eixample;129;4;2;1.650 €;Piso
Sant Gervasi - Galvany;180;5;2;2.000 €;Piso
Sant Gervasi - Galvany;105;3;2;1.780 €;Piso
Sant Gervasi - Galvany;235;3;3;3.200 €;Piso
Esquerra Alta de l´Eixample;100;3;2;1.050 €;Piso
Dreta de l´Eixample;90;2;2;2.400 €;Piso
Gòtic;154;2;2;2.000 €;Piso
Esquerra Alta de l´Eixample;62;2;1;990 €;Ático
Esquerra Alta de l´Eixample;115;3;2;1.325 €;Piso
Les Corts;75;3;2;1.800 €;Apartamento
Sant Gervasi - Galvany;190;4;3;2.600 €;Piso
Dreta de l´Eixample;60;2;1;1.000 €;Piso
Sant Gervasi - Bonanova;300;5;4;8.500 €;Piso
Sant Gervasi - Galvany;70;3;1;950 €;Piso
Gòtic;100;2;2;1.595 €;Piso
Esquerra Alta de l´Eixample;85;2;2;1.100 €;Piso
Les Corts;83;2;2;1.200 €;Planta
Vila de Gràcia;34;;1;800 €;Loft
Camp d´en Grassot - Gràcia N.;85;3;2;900 €;Piso
Putget - Farró;40;;1;700 €;Piso
Guinardó;65;3;2;940 €;Piso
Sant Gervasi - Galvany;158;3;2;3.900 €;Ático
Fort Pienc;50;;1;920 €;Apartamento
Gòtic;95;2;2;1.450 €;Piso
Esquerra Baixa de l´Eixample;55;2;1;850 €;Piso
Esquerra Baixa de l´Eixample;160;4;2;1.465 €;Piso
Camp de l´Arpa;138;3;2;1.550 €;Piso
Sant Ramon - Maternitat;105;4;2;1.350 €;Piso
Sarrià;65;2;1;1.200 €;Piso
Esquerra Baixa de l´Eixample;80;3;1;1.250 €;Piso
Sants;67;2;1;950 €;Piso
Dreta de l´Eixample;65;;1;2.100 €;Ático
Dreta de l´Eixample;180;3;2;3.400 €;Piso
St. Pere - Sta. Caterina - El Born;69;;1;850 €;Loft
El Clot;100;3;2;1.500 €;Casa
Sant Gervasi - Bonanova;170;4;3;2.300 €;Ático
Camp de l´Arpa;50;2;1;800 €;Piso
Baix Guinardó;80;3;1;900 €;Piso
Dreta de l´Eixample;75;2;2;1.050 €;Piso
Dreta de l´Eixample;110;4;2;2.090 €;Piso
Sant Gervasi - Galvany;259;5;3;3.600 €;Piso
St. Pere - Sta. Caterina - El Born;57;;1;790 €;Apartamento
Esquerra Alta de l´Eixample;90;3;2;1.300 €;Piso
Sant Gervasi - Bonanova;900;4;6;9.950 €;Casa
Esquerra Alta de l´Eixample;66;2;1;925 €;Piso
Dreta de l´Eixample;221;5;4;2.900 €;Piso
Esquerra Alta de l´Eixample;53;;1;1.080 €;Piso
Sants;129;4;1;1.400 €;Piso
Sant Gervasi - Galvany;54;;1;1.542 €;Piso
Dreta de l´Eixample;60;2;1;900 €;Piso
Guinardó;262;4;4;2.700 €;Casa
Sants;50;2;1;850 €;Ático
Badal;155;3;2;1.400 €;Dúplex
Vila de Gràcia;60;2;1;950 €;Piso
Vila Olímpica;135;4;3;1.550 €;Ático
Vila de Gràcia;53;2;1;850 €;Piso
Dreta de l´Eixample;106;4;2;1.800 €;Piso
Gòtic;120;2;2;1.800 €;Dúplex
Esquerra Baixa de l´Eixample;115;;;1.995 €;Ático
Dreta de l´Eixample;180;3;2;3.000 €;Piso
Esquerra Alta de l´Eixample;85;3;1;1.250 €;Piso
Sants;101;3;2;1.000 €;Piso
Sant Andreu;59;3;1;687 €;Piso
Esquerra Alta de l´Eixample;170;4;3;2.147 €;Piso
Putget - Farró;67;2;1;800 €;Piso
Gòtic;61;;1;1.200 €;Piso
Esquerra Alta de l´Eixample;66;;1;975 €;Piso
Sant Gervasi - Bonanova;135;3;2;1.900 €;Piso
Guinardó;262;4;4;2.700 €;Torre
Navas;50;;1;800 €;Piso
Esquerra Alta de l´Eixample;70;2;1;1.075 €;Piso
Raval;47;;1;700 €;Piso
St. Pere - Sta. Caterina - El Born;181;3;4;3.000 €;Piso
St. Pere - Sta. Caterina - El Born;76;2;1;975 €;Piso
Navas;102;3;2;1.100 €;Piso
Dreta de l´Eixample;100;2;2;2.300 €;Piso
Gòtic;70;3;1;905 €;Piso
Guinardó;70;2;1;890 €;Piso
Sant Gervasi - Bonanova;200;4;3;3.500 €;Apartamento
Esquerra Alta de l´Eixample;150;3;2;1.550 €;Apartamento
Sarrià;57;;1;1.529 €;Piso
Poble Sec;50;;1;700 €;Piso
Guinardó;90;3;1;790 €;Piso
Diagonal Mar - La Mar Bella;45;;2;1.100 €;Apartamento
Gòtic;88;3;2;1.200 €;Piso
St. Pere - Sta. Caterina - El Born;60;;1;1.090 €;Dúplex
Gòtic;95;3;2;1.123 €;Piso
Esquerra Baixa de l´Eixample;98;4;1;1.250 €;Piso
Tres Torres;150;3;2;2.950 €;Piso
Sagrada Família;54;;1;1.050 €;Piso
Besòs - Maresme;117;3;2;2.000 €;Piso
Sarrià;124;4;2;3.651 €;Piso
Barceloneta;86;2;2;1.225 €;Piso
Raval;130;4;2;1.700 €;Piso
St. Pere - Sta. Caterina - El Born;181;3;4;3.000 €;Piso
Sant Martí;58;3;1;925 €;Piso
St. Pere - Sta. Caterina - El Born;80;2;2;1.150 €;Piso
Camp d´en Grassot - Gràcia N.;116;3;3;2.333 €;Piso
Dreta de l´Eixample;172;5;2;2.300 €;Piso
Dreta de l´Eixample;70;2;1;1.600 €;Piso
Sagrada Família;65;2;1;950 €;Piso
Camp d´en Grassot - Gràcia N.;68;3;1;1.400 €;Piso
Sant Gervasi - Galvany;280;5;4;5.500 €;Ático
Gòtic;120;4;2;1.150 €;Piso
La Marina-Montjuïc;100;3;2;1.390 €;Piso
St. Pere - Sta. Caterina - El Born;64;2;1;800 €;Piso
St. Pere - Sta. Caterina - El Born;39;;1;625 €;Piso
Vallcarca - Penitents;69;2;2;1.200 €;Piso
Barceloneta;47;2;1;750 €;Piso
Sant Gervasi - Galvany;336;5;6;8.500 €;Ático
Sant Gervasi - Galvany;247;4;3;3.250 €;Piso
Sant Gervasi - Galvany;253;5;4;3.550 €;Piso
Putget - Farró;134;4;1;1.200 €;Piso
Les Corts;30;;1;690 €;Estudio
Guinardó;60;2;1;725 €;Piso
Gòtic;60;;2;900 €;Piso
Pedralbes;140;4;2;2.700 €;Apartamento
Esquerra Alta de l´Eixample;120;3;2;1.300 €;Ático
Sarrià;340;4;3;9.500 €;Casa
Esquerra Alta de l´Eixample;67;2;1;950 €;Piso
Horta;76;2;1;900 €;Piso
Putget - Farró;177;5;3;1.900 €;Piso
Vila de Gràcia;85;2;2;1.000 €;Piso
Raval;40;;2;700 €;Piso
Esquerra Baixa de l´Eixample;50;;1;800 €;Piso
La Salut;98;3;2;1.200 €;Piso
Vila de Gràcia;40;;1;800 €;Piso
Sant Ramon - Maternitat;120;4;2;1.800 €;Piso
Sant Ramon - Maternitat;120;4;2;1.600 €;Piso
Sant Gervasi - Galvany;120;4;2;1.850 €;Piso
Vila de Gràcia;32;;1;700 €;Apartamento
Gòtic;50;;1;750 €;Piso
Esquerra Alta de l´Eixample;114;4;2;1.600 €;Piso
Vallvidrera - Tibidabo - Les Planes;300;4;5;2.800 €;Casa
Sant Gervasi - Bonanova;78;3;2;1.300 €;Piso
Sant Gervasi - Bonanova;850;0;;9.950 €;Casa
Sagrada Família;70;3;1;900 €;Piso
Camp d´en Grassot - Gràcia N.;55;2;1;847 €;Piso
Gòtic;120;3;2;1.800 €;Piso
Sant Gervasi - Galvany;65;2;1;1.380 €;Piso
Badal;92;3;2;950 €;Piso
Gòtic;104;4;2;4.100 €;Ático
La Marina-Montjuïc;87;3;1;1.375 €;Ático
Baix Guinardó;180;3;2;1.600 €;Dúplex
Vila de Gràcia;80;3;1;1.150 €;Piso
Les Corts;44;2;1;800 €;Piso
Fort Pienc;110;3;2;950 €;Piso
Raval;138;3;2;1.138 €;Piso
Sarrià;78;2;1;1.000 €;Piso
Sant Gervasi - Bonanova;150;4;2;1.900 €;Piso
Gòtic;55;2;1;825 €;Piso
Gòtic;42;;1;620 €;Apartamento
Sant Ramon - Maternitat;113;4;3;1.800 €;Piso
Vallcarca - Penitents;238;4;4;4.600 €;Casa
Diagonal Mar - La Mar Bella;121;3;2;2.650 €;Piso
Sagrada Família;85;;1;730 €;Loft
Turó de la Peira - Can Peguera;58;2;1;695 €;Piso
St. Pere - Sta. Caterina - El Born;86;3;1;1.590 €;Ático
Raval;45;;1;650 €;Apartamento
Dreta de l´Eixample;100;2;2;1.250 €;Piso
Sant Martí;60;;1;700 €;Apartamento
Poblenou;55;;1;1.000 €;Piso
Gòtic;74;3;2;1.485 €;Piso
Les Corts;62;2;1;1.200 €;Piso
St. Pere - Sta. Caterina - El Born;55;;1;875 €;Piso
Camp de l´Arpa;72;3;1;900 €;Apartamento
Sant Gervasi - Bonanova;95;2;2;1.190 €;Piso
Dreta de l´Eixample;65;;1;2.100 €;Ático
Esquerra Baixa de l´Eixample;77;3;1;1.100 €;Piso
Esquerra Alta de l´Eixample;90;3;5;1.295 €;Dúplex
Turó de la Peira - Can Peguera;57;2;1;725 €;Piso
Sant Gervasi - Galvany;156;4;2;1.790 €;Piso
Gòtic;57;2;1;1.358 €;Piso
Vila de Gràcia;80;2;1;1.000 €;Piso
Poble Sec;45;2;2;850 €;Piso
Sant Genís dels Agudells;90;3;1;1.100 €;Piso
Gòtic;42;;1;850 €;Loft
Provençals del Poblenou;75;3;1;950 €;Piso
Camp d´en Grassot - Gràcia N.;65;3;1;800 €;Piso
Vila Olímpica;70;2;1;1.150 €;Piso
Baix Guinardó;112;4;2;1.500 €;Piso
Camp de l´Arpa;65;2;1;775 €;Piso
Raval;65;2;1;1.050 €;Piso
Hostafrancs;71;2;2;900 €;Piso
Sant Gervasi - Galvany;130;3;2;1.780 €;Piso
Sant Gervasi - Galvany;127;3;2;2.400 €;Ático
Tres Torres;150;4;3;2.700 €;Piso
Barceloneta;34;;1;695 €;Piso
Dreta de l´Eixample;70;2;1;1.800 €;Piso
Pedralbes;270;4;4;4.300 €;Piso
Barceloneta;49;2;1;1.050 €;Piso
Vila de Gràcia;60;3;1;975 €;Piso
Raval;57;2;1;750 €;Piso
St. Pere - Sta. Caterina - El Born;53;;1;1.000 €;Ático
St. Pere - Sta. Caterina - El Born;181;3;4;3.100 €;Piso
Sarrià;115;3;2;2.893 €;Piso
Putget - Farró;55;2;1;835 €;Piso
Barceloneta;25;;1;750 €;Loft
Dreta de l´Eixample;49;;1;1.000 €;Piso
Baix Guinardó;84;3;1;975 €;Piso
Sants;84;3;2;1.200 €;Ático
Vila de Gràcia;100;4;1;1.000 €;Piso
Sant Gervasi - Galvany;55;2;1;990 €;Apartamento
Esquerra Baixa de l´Eixample;132;3;2;1.490 €;Piso
Sant Ramon - Maternitat;60;;1;925 €;Piso
Camp de l´Arpa;54;3;1;759 €;Piso
Sant Gervasi - Galvany;90;2;2;1.600 €;Piso
Dreta de l´Eixample;78;2;1;950 €;Piso
St. Pere - Sta. Caterina - El Born;110;2;1;1.400 €;Piso
Poble Sec;70;2;1;850 €;Piso
Sagrada Família;84;3;1;1.150 €;Piso
Poblenou;135;2;2;1.500 €;Dúplex
Les Corts;165;4;2;1.950 €;Apartamento
Glòries El Parc;84;3;1;1.200 €;Piso
Raval;80;2;1;795 €;Piso
Les Corts;65;2;2;1.200 €;Piso
St. Pere - Sta. Caterina - El Born;70;2;1;1.050 €;Piso
Sant Gervasi - Bonanova;128;4;2;1.500 €;Piso
Navas;70;3;1;950 €;Piso
Sant Gervasi - Galvany;153;5;3;2.800 €;Piso
Sarrià;75;2;2;1.550 €;Piso
St. Pere - Sta. Caterina - El Born;62;;1;950 €;Apartamento
Fort Pienc;103;3;2;990 €;Piso
Raval;50;2;1;800 €;Piso
Sant Ramon - Maternitat;55;3;1;999 €;Piso
Les Corts;100;3;2;1.100 €;Piso
Badal;75;2;1;900 €;Piso
Sarrià;80;3;1;1.250 €;Piso
Barceloneta;30;;1;570 €;Piso
Dreta de l´Eixample;75;2;2;1.650 €;Piso
Camp de l´Arpa;120;4;2;1.350 €;Piso
Sant Gervasi - Galvany;190;5;2;8.000 €;Dúplex
Sant Ramon - Maternitat;94;3;2;1.350 €;Piso
Poblenou;80;3;1;1.000 €;Piso
Les Corts;55;;1;750 €;Planta
Camp de l´Arpa;79;2;1;1.000 €;Piso
Glòries El Parc;70;2;1;1.150 €;Apartamento
Sant Gervasi - Bonanova;65;2;1;875 €;Apartamento
Raval;60;2;2;1.000 €;Piso
Sant Gervasi - Galvany;70;;1;1.195 €;Piso
Font de la Guatlla;80;4;1;1.100 €;Piso
Sarrià;572;6;6;10.000 €;Casa
Gòtic;72;;1;1.100 €;Apartamento
Dreta de l´Eixample;96;3;2;1.500 €;Piso
Vila de Gràcia;40;;1;700 €;Piso
Poble Sec;62;;1;850 €;Piso
Les Corts;70;3;1;875 €;Ático
Esquerra Alta de l´Eixample;242;4;3;2.450 €;Piso
Sant Ramon - Maternitat;135;4;2;1.550 €;Piso
Putget - Farró;112;3;4;1.200 €;Piso
Sant Antoni;85;3;2;1.050 €;Piso
St. Pere - Sta. Caterina - El Born;70;2;1;1.150 €;Piso
Badal;60;;1;850 €;Estudio
Dreta de l´Eixample;78;3;2;1.450 €;Piso
Pedralbes;200;4;3;2.800 €;Piso
Esquerra Alta de l´Eixample;144;5;2;1.400 €;Piso
Raval;55;2;1;750 €;Dúplex
Les Corts;140;5;3;2.015 €;Piso
Dreta de l´Eixample;50;;1;825 €;Piso
Les Corts;76;2;2;1.350 €;Piso
Camp d´en Grassot - Gràcia N.;65;3;1;890 €;Piso
Putget - Farró;60;2;1;800 €;Apartamento
Dreta de l´Eixample;74;3;1;1.100 €;Apartamento
Barceloneta;36;;1;975 €;Ático
Sant Antoni;80;4;2;4.566 €;Apartamento
Vila de Gràcia;70;3;1;950 €;Piso
Sant Gervasi - Bonanova;66;2;1;975 €;Ático
Vallcarca - Penitents;85;3;2;1.200 €;Piso
Sant Andreu;135;3;2;950 €;Piso
Sant Ramon - Maternitat;53;;1;720 €;Loft
Sant Gervasi - Galvany;73;2;2;1.650 €;Piso
Raval;81;3;1;1.300 €;Apartamento
Dreta de l´Eixample;148;2;2;1.895 €;Piso
Sant Antoni;75;3;1;1.000 €;Piso
Putget - Farró;108;3;2;1.000 €;Piso
Sant Gervasi - Galvany;73;2;2;1.300 €;Piso
Sant Gervasi - Bonanova;65;2;2;1.060 €;Piso
Sarrià;97;3;2;1.400 €;Piso
Esquerra Alta de l´Eixample;110;3;2;1.350 €;Piso
Sagrada Família;50;;1;950 €;Piso
Sants;85;3;2;1.300 €;Piso
Dreta de l´Eixample;135;4;2;1.550 €;Piso
Congrés - Indians;75;3;2;900 €;Piso
Hostafrancs;70;3;2;1.050 €;Planta
Dreta de l´Eixample;135;4;3;2.200 €;Piso
Vila de Gràcia;52;2;1;920 €;Piso
Sarrià;640;7;7;7.700 €;Casa
Tres Torres;140;3;2;2.500 €;Piso
Guinardó;85;3;2;875 €;Piso
Poblenou;90;3;2;1.500 €;Apartamento
Camp d´en Grassot - Gràcia N.;58;2;1;895 €;Piso
Congrés - Indians;70;2;1;800 €;Piso
Sant Gervasi - Bonanova;70;;1;850 €;Piso
Gòtic;45;;1;1.500 €;Ático
Les Corts;120;3;2;1.800 €;Piso
Porta;54;3;1;800 €;Piso
Sants;76;2;2;1.100 €;Piso
Fort Pienc;51;2;1;940 €;Piso
Pedralbes;280;3;5;3.600 €;Piso
Sant Gervasi - Galvany;70;2;2;1.100 €;Piso
Sant Gervasi - Galvany;415;5;5;8.000 €;Ático
Vila de Gràcia;88;2;2;1.375 €;Piso
Sant Gervasi - Galvany;117;3;2;1.700 €;Piso
Poblenou;73;2;2;1.300 €;Piso
Putget - Farró;51;2;1;950 €;Ático
Les Corts;75;2;1;975 €;Piso
Esquerra Alta de l´Eixample;75;3;1;1.000 €;Piso
Les Corts;84;3;2;1.300 €;Piso
Pedralbes;140;3;3;1.850 €;Piso
Sants;150;2;1;1.500 €;Dúplex
Sants;60;2;1;925 €;Piso
Raval;96;3;2;1.995 €;Piso
Vallcarca - Penitents;63;2;2;900 €;Piso
Sagrada Família;93;4;2;1.200 €;Piso
Poble Sec;50;;1;730 €;Piso
Badal;55;2;1;1.200 €;Apartamento
Vila de Gràcia;58;;1;1.805 €;Piso
St. Pere - Sta. Caterina - El Born;38;;1;650 €;Piso
El Clot;47;;1;875 €;Apartamento
Navas;69;2;1;1.443 €;Piso
Sarrià;101;3;2;2.150 €;Ático
Raval;75;3;1;1.000 €;Apartamento
St. Pere - Sta. Caterina - El Born;45;;1;950 €;Ático
Sant Gervasi - Bonanova;68;2;1;1.000 €;Piso
Glòries El Parc;80;3;1;1.021 €;Piso
Dreta de l´Eixample;148;3;2;1.970 €;Piso
Sagrada Família;89;4;2;1.000 €;Piso
Carmel;55;3;1;700 €;Piso
Vallcarca - Penitents;41;;1;750 €;Piso
Sagrada Família;86;4;2;975 €;Piso
Sagrada Família;85;4;1;975 €;Piso
Camp de l´Arpa;60;2;1;800 €;Piso
Les Corts;60;3;1;850 €;Piso
Badal;55;2;1;1.200 €;Piso
Sagrada Família;74;4;1;990 €;Piso
Sarrià;143;4;2;2.000 €;Piso
Sant Antoni;100;3;2;1.450 €;Piso
Taxonera;83;3;2;1.300 €;Piso
Sant Gervasi - Bonanova;63;2;1;950 €;Piso
Tres Torres;50;;1;1.100 €;Piso
Putget - Farró;151;3;2;1.700 €;Piso
Esquerra Alta de l´Eixample;120;4;2;1.400 €;Piso
St. Pere - Sta. Caterina - El Born;101;2;1;1.160 €;Piso
El Coll;93;3;2;1.100 €;Piso
Diagonal Mar - La Mar Bella;153;2;2;2.500 €;Piso
Dreta de l´Eixample;220;3;2;2.200 €;Piso
Esquerra Alta de l´Eixample;120;4;2;1.400 €;Piso
Les Corts;99;4;1;1.140 €;Piso
Esquerra Alta de l´Eixample;117;4;2;1.400 €;Apartamento
Poblenou;110;4;2;1.300 €;Piso
Poblenou;70;3;1;857 €;Piso
St. Pere - Sta. Caterina - El Born;60;2;1;795 €;Piso
Sagrada Família;77;3;1;1.150 €;Piso
Esquerra Baixa de l´Eixample;77;4;1;1.075 €;Piso
Putget - Farró;78;2;1;1.100 €;Piso
Putget - Farró;110;3;1;950 €;Ático
Esquerra Alta de l´Eixample;81;3;2;1.300 €;Piso
Sagrada Família;60;3;2;1.000 €;Piso
Les Corts;122;4;3;2.280 €;Piso
Besòs - Maresme;71;3;1;800 €;Piso
Esquerra Alta de l´Eixample;80;2;2;1.100 €;Piso
Poble Sec;30;;1;600 €;Loft
Sagrada Família;70;3;1;900 €;Piso
Sant Gervasi - Galvany;149;3;2;3.600 €;Piso
Camp de l´Arpa;65;2;1;1.050 €;Apartamento
Barceloneta;50;2;1;850 €;Piso
Gòtic;103;2;1;1.600 €;Piso
Camp de l´Arpa;100;4;2;1.250 €;Piso
Camp de l´Arpa;63;;1;800 €;Piso
Barceloneta;36;;1;600 €;Piso
Putget - Farró;80;3;1;950 €;Piso
St. Pere - Sta. Caterina - El Born;90;;1;1.070 €;Piso
Sagrada Família;105;3;2;1.300 €;Piso
Barceloneta;40;2;1;800 €;Ático
Sant Gervasi - Galvany;102;3;2;1.400 €;Piso
Sagrada Família;80;4;1;990 €;Piso
Sant Antoni;80;3;2;1.200 €;Piso
Esquerra Baixa de l´Eixample;90;3;1;1.000 €;Piso
Dreta de l´Eixample;87;2;2;1.360 €;Piso
Putget - Farró;130;4;3;1.700 €;Piso
Esquerra Baixa de l´Eixample;150;4;2;2.100 €;Piso
Fort Pienc;85;3;2;1.150 €;Piso
Tres Torres;147;4;3;3.100 €;Piso
Dreta de l´Eixample;60;;1;950 €;Apartamento
Sagrada Família;75;3;1;950 €;Piso
Vila de Gràcia;82;2;1;1.100 €;Piso
Camp d´en Grassot - Gràcia N.;70;3;1;890 €;Piso
Dreta de l´Eixample;152;4;2;2.500 €;Piso
Sant Ramon - Maternitat;70;3;2;1.000 €;Piso
St. Pere - Sta. Caterina - El Born;115;2;2;2.900 €;Piso
St. Pere - Sta. Caterina - El Born;153;3;2;1.900 €;Piso
Glòries El Parc;68;2;1;1.100 €;Piso
Dreta de l´Eixample;180;2;2;3.500 €;Piso
Sagrada Família;90;4;2;1.000 €;Piso
Font de la Guatlla;70;2;1;900 €;Apartamento
Sant Gervasi - Galvany;139;3;1;1.600 €;Piso
Tres Torres;143;4;3;2.150 €;Piso
Dreta de l´Eixample;140;4;3;2.100 €;Piso
Dreta de l´Eixample;55;;1;990 €;Apartamento
Navas;71;3;1;1.000 €;Piso
St. Pere - Sta. Caterina - El Born;56;;1;890 €;Piso
El Coll;67;2;1;700 €;Piso
Esquerra Alta de l´Eixample;95;3;2;1.300 €;Piso
Sant Gervasi - Galvany;220;5;3;3.200 €;Piso
Tres Torres;201;4;2;3.750 €;Piso
Camp d´en Grassot - Gràcia N.;95;4;1;1.125 €;Piso
Camp de l´Arpa;72;2;1;800 €;Piso
Pedralbes;172;4;3;2.500 €;Piso
St. Pere - Sta. Caterina - El Born;153;3;2;1.900 €;Piso
Poble Sec;70;3;1;1.200 €;Planta
Sants;50;2;1;700 €;Ático
Pedralbes;172;4;3;2.500 €;Piso
Gòtic;39;;1;725 €;Piso
Esquerra Alta de l´Eixample;90;3;2;1.300 €;Piso
Vila Olímpica;169;3;2;1.500 €;Piso
Raval;50;2;1;940 €;Piso
St. Pere - Sta. Caterina - El Born;153;3;2;1.900 €;Apartamento
Poblenou;115;3;2;1.440 €;Piso
La Salut;70;2;1;900 €;Piso
Gòtic;60;2;1;1.100 €;Piso
Poble Sec;70;3;1;900 €;Piso
Dreta de l´Eixample;90;3;1;1.030 €;Piso
Dreta de l´Eixample;88;2;1;1.350 €;Piso
Sants;42;2;1;700 €;Piso
Sant Gervasi - Bonanova;100;3;2;1.300 €;Piso
Sant Gervasi - Galvany;193;4;3;3.500 €;Piso
Sant Gervasi - Galvany;117;2;2;1.800 €;Piso
Guinardó;45;;1;690 €;Piso
Les Corts;110;3;2;1.500 €;Piso
Sagrada Família;40;;1;850 €;Piso
Raval;74;2;1;1.350 €;Piso
Les Corts;100;3;2;1.100 €;Piso
Sants;49;2;1;800 €;Piso
Camp d´en Grassot - Gràcia N.;101;2;2;1.490 €;Ático
St. Pere - Sta. Caterina - El Born;153;3;2;1.900 €;Piso
Dreta de l´Eixample;85;3;1;900 €;Piso
Font d´en Fargas;97;4;2;1.300 €;Piso
Sant Antoni;102;3;1;1.100 €;Piso
Gòtic;90;2;1;830 €;Piso
Camp d´en Grassot - Gràcia N.;85;2;1;1.260 €;Ático
Sagrada Família;125;3;2;1.406 €;Piso
Pedralbes;180;3;2;2.200 €;Ático
Sagrada Família;115;3;2;1.350 €;Piso
Sants;65;3;1;880 €;Piso
Les Corts;120;2;1;1.200 €;Piso
Sant Gervasi - Galvany;184;4;4;4.900 €;Piso
Fort Pienc;90;3;2;1.150 €;Piso
Sant Ramon - Maternitat;81;;1;1.150 €;Ático
Sagrada Família;45;;1;775 €;Piso
Les Corts;80;3;1;950 €;Piso
Les Corts;75;4;1;800 €;Piso
Congrés - Indians;71;2;1;1.050 €;Piso
Camp d´en Grassot - Gràcia N.;90;3;1;995 €;Piso
Sagrada Família;83;3;1;1.150 €;Piso
Gòtic;128;3;2;1.100 €;Piso
Dreta de l´Eixample;50;2;1;920 €;Piso
Guinardó;70;3;1;900 €;Piso
Sant Ramon - Maternitat;100;2;1;1.500 €;Piso
Esquerra Alta de l´Eixample;98;4;1;1.100 €;Piso
Sagrada Família;68;;1;1.100 €;Piso
Guinardó;87;3;1;1.100 €;Piso
Raval;80;3;2;875 €;Piso
La Bordeta;150;4;2;2.100 €;Piso
St. Pere - Sta. Caterina - El Born;50;;1;795 €;Piso
Esquerra Alta de l´Eixample;68;2;1;890 €;Piso
Esquerra Baixa de l´Eixample;120;4;2;1.400 €;Piso
Sant Gervasi - Galvany;260;4;4;5.400 €;Ático
Fort Pienc;130;4;2;1.295 €;Piso
Les Corts;110;3;2;1.750 €;Piso
Dreta de l´Eixample;100;2;2;1.155 €;Piso
Sants;100;3;2;1.010 €;Piso
Sarrià;92;2;2;1.970 €;Piso
Sant Gervasi - Galvany;140;4;2;2.200 €;Piso
Sant Gervasi - Galvany;280;4;4;4.900 €;Piso
Camp d´en Grassot - Gràcia N.;65;3;1;800 €;Piso
Raval;80;3;2;1.200 €;Piso
Sant Andreu;37;;1;650 €;Piso
Raval;80;3;2;800 €;Piso
Vila de Gràcia;100;;1;1.300 €;Loft
Dreta de l´Eixample;45;;1;940 €;Loft
Dreta de l´Eixample;45;;1;940 €;Loft
Dreta de l´Eixample;72;3;1;950 €;Piso
Gòtic;78;2;1;1.100 €;Piso
Sarrià;200;4;4;3.900 €;Piso
Diagonal Mar - La Mar Bella;153;3;3;6.500 €;Ático
Sagrada Família;85;3;1;1.200 €;Piso
Poble Sec;65;3;1;850 €;Piso
Sagrada Família;80;4;1;1.150 €;Piso
Dreta de l´Eixample;40;;1;950 €;Apartamento
Les Corts;92;3;1;1.200 €;Piso
Putget - Farró;100;3;2;1.300 €;Piso
Putget - Farró;50;;1;950 €;Piso
Esquerra Alta de l´Eixample;136;3;3;2.200 €;Piso
Poble Sec;74;;1;800 €;Piso
Sant Gervasi - Galvany;46;;1;950 €;Piso
St. Pere - Sta. Caterina - El Born;38;;1;590 €;Piso
Raval;97;;1;975 €;Loft
Putget - Farró;65;;1;990 €;Loft
Dreta de l´Eixample;147;3;2;1.800 €;Piso
Dreta de l´Eixample;88;2;1;1.534 €;Piso
La Bordeta;85;3;1;990 €;Piso
Camp de l´Arpa;45;;1;750 €;Piso
Sants;66;4;1;875 €;Piso
Sant Antoni;42;;1;900 €;Apartamento
Raval;35;;1;790 €;Loft
St. Pere - Sta. Caterina - El Born;50;;1;695 €;Piso
Sants;65;3;1;800 €;Piso
Dreta de l´Eixample;150;3;2;2.800 €;Piso
Sant Gervasi - Galvany;75;2;2;1.800 €;Ático
Baix Guinardó;91;2;1;1.000 €;Piso
Sant Gervasi - Galvany;139;4;2;1.750 €;Piso
St. Pere - Sta. Caterina - El Born;85;3;2;1.350 €;Piso
Sant Gervasi - Galvany;160;4;2;1.800 €;Piso
Camp de l´Arpa;91;4;2;1.250 €;Piso
Raval;100;2;;2.600 €;Apartamento
Vila de Gràcia;75;4;1;1.000 €;Piso
Camp d´en Grassot - Gràcia N.;80;3;1;1.990 €;Ático
Dreta de l´Eixample;80;2;1;1.070 €;Piso
St. Pere - Sta. Caterina - El Born;70;;1;950 €;Apartamento
Sant Antoni;94;3;2;1.350 €;Piso
Sant Ramon - Maternitat;80;4;2;1.450 €;Piso
Esquerra Baixa de l´Eixample;100;3;2;1.250 €;Piso
Vila de Gràcia;76;2;1;1.200 €;Piso
Dreta de l´Eixample;180;3;2;2.700 €;Piso
Badal;50;2;1;800 €;Piso
Sant Gervasi - Galvany;285;5;5;5.300 €;Piso
Sant Andreu;159;2;2;1.200 €;Ático
Raval;100;;2;900 €;Piso
Dreta de l´Eixample;75;;1;1.290 €;Piso
St. Pere - Sta. Caterina - El Born;95;2;1;1.160 €;Piso
Hostafrancs;55;;1;1.200 €;Ático
Sant Andreu;70;2;1;800 €;Piso
St. Pere - Sta. Caterina - El Born;70;2;1;975 €;Piso
Hostafrancs;98;3;2;1.100 €;Piso
Dreta de l´Eixample;100;2;2;3.000 €;Piso
Dreta de l´Eixample;77;3;2;1.350 €;Piso
Besòs - Maresme;100;3;2;2.400 €;Apartamento
Camp de l´Arpa;90;3;2;1.000 €;Piso
Diagonal Mar - La Mar Bella;79;2;1;1.225 €;Piso
St. Pere - Sta. Caterina - El Born;60;;1;890 €;Apartamento
Dreta de l´Eixample;140;3;2;1.800 €;Piso
Poble Sec;70;3;1;860 €;Piso
Poble Sec;50;2;1;930 €;Piso
La Salut;40;;1;695 €;Ático
Baix Guinardó;55;;1;650 €;Piso
Vila de Gràcia;50;2;1;1.000 €;Piso
La Salut;78;3;1;790 €;Piso
Sagrada Família;89;3;1;1.085 €;Piso
Dreta de l´Eixample;206;4;4;2.250 €;Piso
Poble Sec;44;2;1;900 €;Piso
Raval;63;2;2;890 €;Piso
Sant Gervasi - Galvany;180;5;3;3.700 €;Piso
Sant Ramon - Maternitat;83;3;2;1.200 €;Piso
Tres Torres;30;;1;880 €;Piso
Sant Antoni;91;3;2;1.275 €;Piso
St. Pere - Sta. Caterina - El Born;40;;1;700 €;Loft
Dreta de l´Eixample;90;2;2;1.050 €;Apartamento
Sagrada Família;80;4;1;870 €;Piso
Putget - Farró;97;3;2;1.550 €;Piso
Dreta de l´Eixample;123;3;2;1.700 €;Piso
Esquerra Alta de l´Eixample;66;2;1;1.000 €;Piso
Tres Torres;120;3;2;1.600 €;Piso
Sant Gervasi - Galvany;120;3;2;1.800 €;Piso
Dreta de l´Eixample;340;6;3;2.500 €;Piso
Gòtic;76;2;1;1.200 €;Piso
Les Corts;55;2;1;750 €;Piso
Sant Ramon - Maternitat;95;4;2;1.200 €;Piso
Barceloneta;34;;1;800 €;Piso
Dreta de l´Eixample;55;;1;750 €;Apartamento
Sant Gervasi - Galvany;176;3;;1.700 €;Piso
Sant Gervasi - Galvany;65;2;2;1.410 €;Piso
Vila de Gràcia;80;3;1;950 €;Piso
Dreta de l´Eixample;310;6;4;4.900 €;Piso
Dreta de l´Eixample;168;3;3;1.950 €;Piso
Dreta de l´Eixample;93;3;2;2.550 €;Apartamento
Sant Gervasi - Galvany;75;;2;1.600 €;Apartamento
Carmel;68;2;1;750 €;Piso
Glòries El Parc;65;2;1;1.150 €;Piso
La Sagrera;79;3;2;1.350 €;Ático
Sant Gervasi - Galvany;60;;1;1.600 €;Piso
St. Pere - Sta. Caterina - El Born;55;;1;800 €;Piso
Raval;40;;1;690 €;Piso
Vila de Gràcia;35;;1;550 €;Piso
Sant Gervasi - Galvany;84;3;2;1.150 €;Piso
Dreta de l´Eixample;137;4;1;1.250 €;Piso
Les Corts;113;3;2;1.675 €;Piso
Esquerra Baixa de l´Eixample;89;3;2;1.300 €;Piso
Gòtic;125;3;3;1.600 €;Piso
Dreta de l´Eixample;87;3;2;1.800 €;Piso
Dreta de l´Eixample;94;3;2;1.900 €;Piso
Montbau;75;3;1;900 €;Piso
Barceloneta;39;;1;700 €;Piso
Vallcarca - Penitents;73;3;2;1.200 €;Piso
Sant Gervasi - Galvany;60;2;1;1.100 €;Piso
Sarrià;411;5;3;4.500 €;Casa
Taxonera;45;2;1;670 €;Piso
Gòtic;90;2;1;1.200 €;Piso
Raval;120;3;3;1.750 €;Apartamento
Putget - Farró;137;3;2;1.800 €;Piso
Sant Antoni;70;4;1;1.300 €;Piso
Putget - Farró;65;2;1;1.100 €;Piso
Barceloneta;33;;1;790 €;Apartamento
Sant Antoni;100;3;2;1.600 €;Piso
Esquerra Alta de l´Eixample;39;;1;710 €;Piso
Vila de Gràcia;75;3;1;950 €;Piso
Pedralbes;191;4;3;2.600 €;Piso
Sant Gervasi - Bonanova;125;3;3;1.700 €;Piso
Camp d´en Grassot - Gràcia N.;97;3;2;995 €;Piso
Vila de Gràcia;75;2;2;1.350 €;Piso
Vila de Gràcia;65;2;1;950 €;Piso
Sant Antoni;124;5;3;2.400 €;Apartamento
Sant Gervasi - Galvany;560;8;7;9.000 €;Casa
Poble Sec;85;3;2;1.300 €;Piso
El Clot;51;2;1;875 €;Piso
Esquerra Alta de l´Eixample;55;;1;950 €;Piso
Diagonal Mar - La Mar Bella;75;2;2;1.500 €;Piso
Esquerra Alta de l´Eixample;98;4;1;1.200 €;Piso
Camp d´en Grassot - Gràcia N.;68;3;2;825 €;Piso
Sant Andreu;75;2;2;1.200 €;Piso
Esquerra Alta de l´Eixample;78;4;1;1.100 €;Piso
Fort Pienc;80;3;1;1.050 €;Piso
Vila de Gràcia;60;2;1;1.400 €;Apartamento
Vila de Gràcia;75;2;2;1.350 €;Piso
Sant Gervasi - Galvany;110;2;1;1.550 €;Piso
Camp d´en Grassot - Gràcia N.;78;3;2;1.195 €;Piso
Dreta de l´Eixample;170;4;2;3.700 €;Piso
Guinardó;100;4;2;1.100 €;Piso
Sant Antoni;130;4;2;1.450 €;Piso
Esquerra Alta de l´Eixample;95;3;2;1.300 €;Piso
Vila de Gràcia;70;4;1;1.150 €;Piso
Esquerra Baixa de l´Eixample;70;3;1;1.150 €;Piso
La Sagrera;65;2;1;785 €;Piso
Raval;40;2;1;895 €;Piso
Raval;76;3;2;950 €;Piso
Esquerra Alta de l´Eixample;66;2;1;927 €;Piso
Baix Guinardó;45;2;1;900 €;Ático
Camp d´en Grassot - Gràcia N.;86;3;1;1.000 €;Piso
Esquerra Alta de l´Eixample;80;3;1;1.000 €;Piso
Putget - Farró;50;;1;950 €;Piso
Dreta de l´Eixample;75;2;2;1.200 €;Piso
Putget - Farró;100;3;2;1.350 €;Piso
Esquerra Alta de l´Eixample;90;4;2;1.000 €;Piso
Putget - Farró;50;;1;950 €;Piso
Putget - Farró;64;;1;850 €;Piso
Dreta de l´Eixample;77;3;2;980 €;Piso
Dreta de l´Eixample;77;3;2;980 €;Piso
Putget - Farró;83;3;2;1.150 €;Planta
Can Baró;105;3;2;1.200 €;Piso
Les Corts;50;;1;840 €;Piso
Esquerra Baixa de l´Eixample;60;2;1;1.000 €;Piso
St. Pere - Sta. Caterina - El Born;50;;1;1.050 €;Piso
Tres Torres;80;2;2;1.600 €;Piso
Sant Gervasi - Galvany;110;4;3;2.500 €;Apartamento
Poble Sec;51;2;1;795 €;Piso
Dreta de l´Eixample;54;;1;900 €;Piso
Font de la Guatlla;90;3;2;1.000 €;Piso
Dreta de l´Eixample;36;;1;950 €;Estudio
Horta;81;4;1;870 €;Piso
Les Corts;60;3;1;1.050 €;Piso
Esquerra Alta de l´Eixample;75;2;2;1.100 €;Piso
Sagrada Família;65;2;2;1.200 €;Piso
Esquerra Alta de l´Eixample;88;2;1;1.280 €;Piso
Esquerra Baixa de l´Eixample;58;2;1;875 €;Piso
La Marina-Montjuïc;82;3;2;1.076 €;Piso
Baix Guinardó;72;2;1;999 €;Piso
Esquerra Alta de l´Eixample;85;4;1;1.100 €;Piso
Esquerra Alta de l´Eixample;50;;1;1.100 €;Piso
Dreta de l´Eixample;103;4;2;1.200 €;Piso
Provençals del Poblenou;50;;1;725 €;Piso
Carmel;70;2;1;730 €;Piso
Pedralbes;163;5;3;2.500 €;Piso
Sant Ramon - Maternitat;95;3;2;1.500 €;Piso
Sant Gervasi - Bonanova;111;3;2;1.500 €;Piso
Barceloneta;40;;1;725 €;Piso
Besòs - Maresme;105;3;2;1.750 €;Piso
Esquerra Baixa de l´Eixample;60;;1;800 €;Piso
Sagrada Família;65;2;1;910 €;Piso
Camp d´en Grassot - Gràcia N.;68;3;1;1.025 €;Apartamento
Putget - Farró;60;2;1;1.350 €;Piso
Poblenou;80;3;1;1.350 €;Piso
St. Pere - Sta. Caterina - El Born;70;2;2;950 €;Piso
Esquerra Alta de l´Eixample;100;2;2;1.460 €;Piso
Poblenou;92;2;2;1.450 €;Piso
Raval;82;2;2;1.600 €;Apartamento
Font de la Guatlla;81;3;1;1.060 €;Piso
Camp d´en Grassot - Gràcia N.;70;2;1;1.100 €;Piso
Putget - Farró;73;2;1;900 €;Piso
Sant Gervasi - Galvany;84;3;2;1.150 €;Piso
Dreta de l´Eixample;75;2;2;1.200 €;Piso
Esquerra Alta de l´Eixample;44;;1;800 €;Piso
Sant Genís dels Agudells;75;3;;1.100 €;Apartamento
Sarrià;154;4;3;2.275 €;Piso
Sant Ramon - Maternitat;75;3;2;1.000 €;Piso
Sagrada Família;85;4;1;1.000 €;Piso
Sagrada Família;60;2;1;1.170 €;Piso
Dreta de l´Eixample;268;4;4;12.500 €;Apartamento
St. Pere - Sta. Caterina - El Born;65;;1;800 €;Loft
Fort Pienc;110;4;2;1.200 €;Piso
Badal;60;2;1;931 €;Piso
Esquerra Baixa de l´Eixample;146;5;2;1.400 €;Piso
Camp d´en Grassot - Gràcia N.;65;2;1;800 €;Piso
Gòtic;50;;1;1.500 €;Ático
Gòtic;45;;1;770 €;Piso
Sant Gervasi - Bonanova;84;4;1;1.050 €;Piso
Esquerra Baixa de l´Eixample;90;2;2;1.650 €;Piso
Sant Gervasi - Galvany;108;3;2;1.190 €;Piso
Sagrada Família;80;4;2;950 €;Piso
Pedralbes;106;3;1;1.400 €;Piso
Sant Gervasi - Galvany;80;;1;1.200 €;Planta
Sarrià;650;6;5;8.500 €;Casa
Vila de Gràcia;80;;1;1.275 €;Piso
St. Pere - Sta. Caterina - El Born;51;;1;700 €;Piso
Sarrià;100;3;2;1.450 €;Piso
Sant Gervasi - Bonanova;100;3;1;1.450 €;Piso
Sant Gervasi - Galvany;108;2;2;1.800 €;Piso
Esquerra Alta de l´Eixample;155;5;3;1.800 €;Piso
Glòries El Parc;58;3;1;850 €;Piso
Sagrada Família;76;3;1;1.100 €;Dúplex
Dreta de l´Eixample;90;4;2;1.150 €;Apartamento
Raval;80;;2;775 €;Estudio
Glòries El Parc;58;3;1;850 €;Piso
Dreta de l´Eixample;140;3;2;2.950 €;Piso
Raval;48;;1;720 €;Piso
Gòtic;72;2;1;925 €;Piso
Putget - Farró;110;4;2;1.350 €;Piso
Sagrada Família;70;2;2;1.360 €;Piso
La Bordeta;120;3;1;1.000 €;Piso
Putget - Farró;63;2;1;925 €;Piso
Vallcarca - Penitents;95;4;2;1.450 €;Piso
Les Corts;77;4;2;990 €;Piso
Putget - Farró;55;;1;950 €;Piso
Gòtic;40;;1;1.100 €;Ático
Raval;67;2;1;800 €;Piso
Sarrià;83;2;1;1.275 €;Piso
Sant Antoni;61;;1;925 €;Piso
Sant Gervasi - Galvany;70;3;1;950 €;Piso
St. Pere - Sta. Caterina - El Born;53;;1;750 €;Piso
Esquerra Alta de l´Eixample;65;3;1;1.100 €;Piso
Putget - Farró;98;3;2;1.000 €;Piso
Poblenou;75;3;1;890 €;Piso
Vila de Gràcia;86;2;2;1.300 €;Piso
St. Pere - Sta. Caterina - El Born;116;3;2;1.190 €;Piso
Dreta de l´Eixample;132;3;3;2.250 €;Piso
Putget - Farró;60;2;1;858 €;Piso
Sagrada Família;97;4;2;1.400 €;Piso
Poble Sec;72;;1;1.000 €;Piso
Sant Antoni;133;5;3;2.400 €;Apartamento
Les Corts;60;;1;990 €;Piso
Poblenou;45;2;1;775 €;Piso
Poble Sec;59;;1;950 €;Piso
St. Pere - Sta. Caterina - El Born;160;3;2;1.750 €;Piso
Raval;45;2;1;750 €;Piso
Gòtic;39;;1;725 €;Estudio
St. Pere - Sta. Caterina - El Born;75;3;1;1.300 €;Piso
Esquerra Alta de l´Eixample;150;2;2;2.100 €;Ático
St. Pere - Sta. Caterina - El Born;70;3;2;1.275 €;Piso
Sant Antoni;80;4;2;1.275 €;Piso
El Coll;130;3;2;1.300 €;Apartamento
Gòtic;80;3;1;1.100 €;Piso
Dreta de l´Eixample;206;5;3;3.155 €;Piso
Esquerra Alta de l´Eixample;50;;1;1.100 €;Piso
Esquerra Alta de l´Eixample;50;2;1;1.200 €;Piso
Vila de Gràcia;87;3;1;1.096 €;Piso
Poblenou;64;3;1;800 €;Piso
Horta;81;3;1;870 €;Piso
Esquerra Baixa de l´Eixample;95;3;1;950 €;Piso
Sant Gervasi - Galvany;103;3;2;1.300 €;Piso
Badal;96;4;2;1.145 €;Piso
Raval;47;2;1;750 €;Piso
Gòtic;81;;1;990 €;Ático
Camp d´en Grassot - Gràcia N.;72;2;2;1.500 €;Piso
Fort Pienc;95;4;2;1.200 €;Piso
Dreta de l´Eixample;60;2;2;950 €;Apartamento
Sant Gervasi - Bonanova;478;7;3;11.500 €;Casa
Esquerra Baixa de l´Eixample;95;3;2;1.150 €;Piso
Sant Antoni;71;3;1;925 €;Piso
Fort Pienc;93;3;2;1.600 €;Piso
Sant Gervasi - Bonanova;764;0;3;9.950 €;Casa
Poblenou;64;3;1;800 €;Piso
St. Pere - Sta. Caterina - El Born;100;2;2;1.250 €;Piso
Raval;40;;1;790 €;Piso
St. Pere - Sta. Caterina - El Born;120;3;2;1.550 €;Piso
Guinardó;75;3;;750 €;Piso
Poblenou;57;2;2;1.300 €;Piso
Dreta de l´Eixample;105;3;2;1.400 €;Piso
Poblenou;70;3;;990 €;Apartamento
Putget - Farró;41;;1;950 €;Ático
Dreta de l´Eixample;140;3;2;2.400 €;Apartamento
Gòtic;85;3;2;1.200 €;Apartamento
Dreta de l´Eixample;163;5;2;1.900 €;Piso
Sant Ramon - Maternitat;145;3;3;1.900 €;Piso
Les Corts;91;4;3;1.300 €;Piso
Vila de Gràcia;90;2;2;1.350 €;Piso
Barceloneta;47;2;1;750 €;Piso
Pedralbes;95;3;2;1.350 €;Piso
La Marina-Montjuïc;95;3;2;1.150 €;Apartamento
Pedralbes;95;3;2;1.350 €;Piso
Sant Gervasi - Bonanova;100;3;1;1.350 €;Piso
Camp d´en Grassot - Gràcia N.;45;;1;730 €;Piso
Camp de l´Arpa;140;3;2;1.550 €;Apartamento
Les Corts;77;2;2;1.450 €;Dúplex
Esquerra Alta de l´Eixample;125;3;2;1.750 €;Piso
Poble Sec;82;3;1;890 €;Piso
St. Pere - Sta. Caterina - El Born;130;4;2;1.900 €;Apartamento
Esquerra Alta de l´Eixample;50;2;1;800 €;Piso
Camp de l´Arpa;60;2;1;850 €;Piso
Esquerra Alta de l´Eixample;70;2;1;1.150 €;Piso
Les Corts;95;4;2;1.450 €;Piso
Les Corts;200;4;3;2.100 €;Apartamento
Vilapicina - Torre Llobeta;23;;1;600 €;Estudio
Vilapicina - Torre Llobeta;23;;1;600 €;Estudio
Camp de l´Arpa;75;3;1;975 €;Piso
Esquerra Alta de l´Eixample;82;4;2;1.180 €;Piso
Dreta de l´Eixample;45;2;1;900 €;Apartamento
Barceloneta;35;2;1;800 €;Piso
Dreta de l´Eixample;142;4;2;2.460 €;Piso
Sant Gervasi - Bonanova;50;;1;980 €;Piso
Sarrià;480;3;4;7.000 €;Casa
Esquerra Alta de l´Eixample;120;3;2;1.600 €;Piso
Sant Gervasi - Bonanova;49;;1;725 €;Piso
Sant Gervasi - Galvany;95;3;1;1.100 €;Piso
Raval;36;;1;560 €;Piso
Sant Gervasi - Galvany;59;3;2;990 €;Piso
Camp de l´Arpa;112;3;2;1.050 €;Piso
Sant Gervasi - Galvany;80;3;2;1.250 €;Piso
Esquerra Alta de l´Eixample;80;2;1;1.245 €;Piso
Camp de l´Arpa;100;4;2;1.300 €;Piso
Raval;45;;1;740 €;Apartamento
Taxonera;70;3;1;640 €;Piso
Camp d´en Grassot - Gràcia N.;68;3;1;850 €;Piso
Esquerra Baixa de l´Eixample;80;3;2;1.100 €;Piso
Pedralbes;100;;1;850 €;Ático
Sants;65;2;2;1.400 €;Apartamento
Dreta de l´Eixample;189;3;4;10.000 €;Apartamento
Sant Gervasi - Bonanova;131;3;3;1.600 €;Apartamento
Sant Gervasi - Galvany;186;5;3;1.900 €;Piso
Esquerra Alta de l´Eixample;146;5;3;1.700 €;Piso
Fort Pienc;45;2;1;1.500 €;Piso
Esquerra Alta de l´Eixample;130;3;2;1.950 €;Piso
Gòtic;85;2;1;830 €;Piso
Esquerra Baixa de l´Eixample;124;4;2;1.450 €;Piso
Sants;55;;1;850 €;Estudio
Esquerra Baixa de l´Eixample;85;3;2;1.200 €;Piso
Esquerra Baixa de l´Eixample;60;2;1;1.600 €;Apartamento
Dreta de l´Eixample;80;;1;1.400 €;Apartamento
Carmel;42;;1;815 €;Ático
Sagrada Família;57;3;1;950 €;Piso
Sant Ramon - Maternitat;40;;1;800 €;Piso
Esquerra Alta de l´Eixample;77;3;1;1.100 €;Piso
Raval;91;3;2;850 €;Piso
Sagrada Família;80;3;1;1.050 €;Piso
Sagrada Família;130;4;2;1.450 €;Piso
Raval;64;;1;800 €;Piso
Glòries El Parc;194;3;3;2.800 €;Piso
Sant Andreu;82;2;1;857 €;Piso
Diagonal Mar - La Mar Bella;80;3;2;1.450 €;Piso
Putget - Farró;130;3;3;1.700 €;Piso
Poblenou;65;2;1;890 €;Apartamento
Esquerra Alta de l´Eixample;116;3;2;1.750 €;Piso
Esquerra Baixa de l´Eixample;145;4;2;1.650 €;Piso
Sant Antoni;62;3;1;900 €;Piso
Sagrada Família;95;4;2;1.350 €;Piso
Dreta de l´Eixample;180;4;3;5.500 €;Piso
Raval;42;;1;800 €;Piso
Poblenou;48;2;1;900 €;Piso
Gòtic;90;2;2;725 €;Dúplex
Sant Gervasi - Bonanova;80;2;1;3.200 €;Apartamento
La Sagrera;72;3;1;895 €;Piso
Diagonal Mar - La Mar Bella;135;2;1;1.200 €;Piso
Camp de l´Arpa;55;2;1;980 €;Apartamento
Esquerra Alta de l´Eixample;64;2;1;995 €;Piso
Putget - Farró;57;3;1;900 €;Piso
Tres Torres;50;;1;1.100 €;Piso
Camp de l´Arpa;50;2;1;800 €;Piso
Dreta de l´Eixample;133;4;2;2.495 €;Piso
Vila de Gràcia;152;5;2;1.950 €;Piso
Sant Gervasi - Bonanova;60;;1;850 €;Piso
Vallcarca - Penitents;45;;1;895 €;Piso
Tres Torres;200;4;4;2.900 €;Piso
Sant Ramon - Maternitat;100;4;2;1.500 €;Piso
Gòtic;55;2;1;1.100 €;Piso
St. Pere - Sta. Caterina - El Born;70;;1;1.500 €;Piso
Vallcarca - Penitents;95;3;2;1.000 €;Piso
Esquerra Alta de l´Eixample;65;2;1;950 €;Piso
Raval;62;2;1;900 €;Piso
Dreta de l´Eixample;80;2;1;1.195 €;Apartamento
Sant Gervasi - Galvany;400;4;5;8.500 €;Piso
St. Pere - Sta. Caterina - El Born;96;;1;1.150 €;Loft
Sagrada Família;70;;1;950 €;Planta
Sant Gervasi - Bonanova;67;;1;2.500 €;Apartamento
Putget - Farró;70;2;1;900 €;Piso
Putget - Farró;93;3;2;1.050 €;Piso
Sant Gervasi - Galvany;140;3;3;1.850 €;Piso
Vila de Gràcia;66;2;1;900 €;Piso
Taxonera;62;3;1;800 €;Piso
Poble Sec;100;4;1;1.275 €;Piso
Dreta de l´Eixample;66;2;1;1.321 €;Apartamento
Dreta de l´Eixample;120;4;2;2.500 €;Apartamento
Dreta de l´Eixample;100;4;2;1.100 €;Piso
Dreta de l´Eixample;319;5;4;4.900 €;Piso
Sant Gervasi - Galvany;65;;1;930 €;Piso
Sants;98;3;2;1.200 €;Apartamento
Les Corts;62;;1;1.400 €;Piso
Sant Gervasi - Galvany;170;6;2;2.100 €;Piso
Esquerra Alta de l´Eixample;74;3;1;1.000 €;Piso
Gòtic;120;2;2;1.100 €;Piso
Esquerra Baixa de l´Eixample;97;3;2;1.200 €;Piso
Dreta de l´Eixample;100;2;2;1.600 €;Piso
St. Pere - Sta. Caterina - El Born;85;2;2;1.175 €;Piso
Raval;107;3;2;1.750 €;Piso
Barceloneta;74;3;1;1.500 €;Piso
Glòries El Parc;92;3;2;1.000 €;Piso
Vila de Gràcia;65;3;1;950 €;Piso
Fort Pienc;120;4;2;1.750 €;Piso
Dreta de l´Eixample;45;;1;1.200 €;Ático
El Clot;63;3;1;790 €;Piso
Vila de Gràcia;181;4;5;3.600 €;Dúplex
Pedralbes;60;;1;1.300 €;Apartamento
Sarrià;200;4;3;4.400 €;Piso
Sarrià;85;3;2;1.365 €;Piso
Vila de Gràcia;70;3;1;1.175 €;Piso
Esquerra Alta de l´Eixample;70;3;1;935 €;Piso
Sant Gervasi - Bonanova;725;;;11.500 €;Torre
Esquerra Baixa de l´Eixample;89;4;2;1.200 €;Piso
Raval;36;;1;590 €;Piso
Sant Gervasi - Galvany;75;2;2;1.050 €;Piso
Esquerra Baixa de l´Eixample;70;3;1;950 €;Piso
Putget - Farró;87;2;1;1.100 €;Piso
Sants;91;3;1;1.100 €;Piso
St. Pere - Sta. Caterina - El Born;78;3;1;1.000 €;Piso
El Clot;90;4;2;1.130 €;Piso
Raval;75;2;1;800 €;Piso
Esquerra Baixa de l´Eixample;65;;1;1.100 €;Piso
Dreta de l´Eixample;140;3;3;2.400 €;Piso
Carmel;55;2;1;890 €;Piso
Gòtic;61;;1;700 €;Piso
Gòtic;120;2;2;1.100 €;Piso
Sant Antoni;60;2;1;950 €;Piso
Esquerra Alta de l´Eixample;95;3;2;1.235 €;Piso
Esquerra Alta de l´Eixample;87;4;1;1.100 €;Piso
Dreta de l´Eixample;135;5;2;1.700 €;Piso
Sant Gervasi - Galvany;50;2;1;925 €;Piso
Vallcarca - Penitents;125;3;2;1.550 €;Ático
Guinardó;90;2;1;1.290 €;Ático
Guinardó;65;3;1;850 €;Piso
Dreta de l´Eixample;73;2;1;1.700 €;Apartamento
Putget - Farró;35;;1;775 €;Apartamento
Sant Andreu;60;2;1;725 €;Piso
Font de la Guatlla;80;4;1;850 €;Piso
Esquerra Baixa de l´Eixample;90;4;2;1.170 €;Piso
Esquerra Baixa de l´Eixample;100;4;2;1.000 €;Piso
Vila de Gràcia;72;3;1;990 €;Piso
Sant Gervasi - Galvany;96;2;2;1.200 €;Piso
Gòtic;137;3;2;1.500 €;Piso
Esquerra Alta de l´Eixample;69;2;1;1.200 €;Piso
Putget - Farró;43;;1;800 €;Piso
Dreta de l´Eixample;60;2;1;1.200 €;Piso
Esquerra Alta de l´Eixample;76;2;2;1.590 €;Ático
La Marina-Montjuïc;80;3;1;800 €;Piso
Les Corts;91;3;2;1.490 €;Piso
Raval;45;;1;700 €;Loft
Les Corts;92;4;1;1.250 €;Ático
Esquerra Alta de l´Eixample;75;;1;800 €;Piso
Tres Torres;120;3;2;1.800 €;Piso
Sant Gervasi - Galvany;150;4;3;1.750 €;Piso
Putget - Farró;79;2;1;1.250 €;Ático
Esquerra Baixa de l´Eixample;81;2;1;1.175 €;Piso
Esquerra Alta de l´Eixample;82;3;1;990 €;Piso
Sant Gervasi - Bonanova;199;6;3;2.490 €;Piso
Sant Gervasi - Bonanova;50;2;1;890 €;Piso
El Clot;74;3;2;1.000 €;Piso
Sant Ramon - Maternitat;146;4;2;1.550 €;Piso
Raval;46;;1;875 €;Loft
Sarrià;98;3;1;1.450 €;Ático
Tres Torres;60;2;1;1.000 €;Planta
Sant Gervasi - Bonanova;63;;1;2.300 €;Apartamento
Putget - Farró;54;;1;990 €;Piso
Sant Antoni;85;3;1;1.050 €;Piso
Poble Sec;85;3;1;1.050 €;Piso
Sagrada Família;62;2;1;990 €;Piso
Sarrià;78;2;2;1.700 €;Piso
Guinardó;34;;1;825 €;Ático
Sant Antoni;40;2;1;1.000 €;Piso
Esquerra Alta de l´Eixample;50;;1;890 €;Apartamento
Sant Antoni;75;3;2;980 €;Apartamento
Sagrada Família;52;2;1;800 €;Piso
Sant Gervasi - Galvany;88;3;2;1.350 €;Piso
Esquerra Alta de l´Eixample;76;2;2;1.100 €;Piso
Sant Gervasi - Galvany;45;2;1;900 €;Piso
Les Corts;48;;1;831 €;Apartamento
Esquerra Alta de l´Eixample;76;2;2;1.100 €;Piso
Sant Gervasi - Galvany;45;2;1;900 €;Piso
Esquerra Alta de l´Eixample;70;2;1;950 €;Piso
Sant Martí;66;;1;625 €;Piso
Pedralbes;250;4;3;3.200 €;Piso
Les Corts;98;4;2;1.400 €;Piso
Glòries El Parc;90;2;2;1.000 €;Piso
Sant Antoni;100;3;2;1.450 €;Piso
Barceloneta;40;;1;650 €;Apartamento
Sarrià;72;2;1;1.000 €;Piso
Esquerra Baixa de l´Eixample;103;3;1;1.300 €;Piso
Vilapicina - Torre Llobeta;55;2;1;750 €;Piso
Sant Gervasi - Galvany;98;2;2;1.650 €;Piso
Esquerra Alta de l´Eixample;85;3;1;1.100 €;Piso
Congrés - Indians;76;3;1;900 €;Piso
Gòtic;112;3;2;1.790 €;Piso
Tres Torres;60;2;1;1.300 €;Piso
Camp de l´Arpa;92;3;2;1.100 €;Piso
Esquerra Baixa de l´Eixample;180;3;4;3.330 €;Apartamento
Dreta de l´Eixample;77;4;1;1.075 €;Piso
Sant Antoni;75;2;2;1.225 €;Piso
Esquerra Alta de l´Eixample;112;3;1;1.590 €;Piso
Poblenou;105;3;2;1.300 €;Piso
Sants;78;;1;1.200 €;Piso
Esquerra Alta de l´Eixample;60;2;1;1.700 €;Apartamento
Gòtic;70;;1;1.300 €;Ático
Camp de l´Arpa;55;2;1;970 €;Piso
Les Corts;70;2;2;1.051 €;Piso
Sant Gervasi - Bonanova;135;4;2;2.000 €;Ático
Esquerra Alta de l´Eixample;53;2;1;900 €;Piso
Sagrada Família;142;3;2;2.400 €;Piso
Gòtic;95;3;1;875 €;Piso
Raval;106;2;1;1.200 €;Piso
Dreta de l´Eixample;52;;1;890 €;Piso
Dreta de l´Eixample;79;2;1;950 €;Piso
Hostafrancs;75;3;1;950 €;Piso
Dreta de l´Eixample;72;3;1;2.500 €;Piso
Sant Gervasi - Galvany;59;3;1;1.300 €;Piso
Badal;61;2;1;1.000 €;Ático
Sant Ramon - Maternitat;50;2;2;800 €;Apartamento
La Bordeta;80;2;2;1.300 €;Piso
Glòries El Parc;53;;1;1.050 €;Piso
Vallcarca - Penitents;100;4;2;1.250 €;Piso
Dreta de l´Eixample;48;;1;900 €;Apartamento
Camp de l´Arpa;60;2;1;925 €;Piso
Esquerra Alta de l´Eixample;35;;1;1.100 €;Piso
Poblenou;62;3;1;800 €;Piso
Dreta de l´Eixample;50;;1;1.025 €;Ático
Poble Sec;50;2;1;950 €;Piso
Tres Torres;185;4;3;2.950 €;Piso
Raval;45;;1;800 €;Piso
Sagrada Família;90;4;2;1.100 €;Piso
Camp d´en Grassot - Gràcia N.;102;2;2;1.900 €;Apartamento
Poblenou;72;3;1;1.350 €;Piso
Raval;300;3;4;3.000 €;Apartamento
Sagrada Família;70;2;1;910 €;Piso
Raval;53;;1;900 €;Piso
Poblenou;90;2;2;1.450 €;Piso
Dreta de l´Eixample;127;3;2;2.500 €;Piso
Esquerra Alta de l´Eixample;42;2;1;900 €;Piso
Dreta de l´Eixample;140;3;2;1.700 €;Piso
Gòtic;68;;1;1.550 €;Apartamento
Dreta de l´Eixample;60;;1;1.000 €;Piso
Dreta de l´Eixample;125;3;2;1.750 €;Piso
Sagrada Família;100;4;2;1.400 €;Piso
Esquerra Alta de l´Eixample;55;;;990 €;Piso
Sant Gervasi - Galvany;65;;2;1.050 €;Piso
Sarrià;91;4;2;1.500 €;Piso
Barceloneta;55;2;1;990 €;Piso
Raval;46;;1;675 €;Piso
Sants;35;;1;700 €;Piso
Sant Andreu;55;3;1;725 €;Piso
Esquerra Baixa de l´Eixample;44;;1;990 €;Piso
Esquerra Alta de l´Eixample;55;3;1;990 €;Piso
El Coll;42;3;1;785 €;Piso
Esquerra Alta de l´Eixample;85;2;2;1.150 €;Piso
Raval;60;;1;700 €;Apartamento
Vila de Gràcia;70;3;1;1.200 €;Piso
Sant Gervasi - Bonanova;80;2;2;1.075 €;Piso
St. Pere - Sta. Caterina - El Born;65;2;2;1.100 €;Piso
Sant Gervasi - Bonanova;105;4;2;1.500 €;Piso
Fort Pienc;95;4;2;1.200 €;Piso
Vila Olímpica;175;3;2;2.500 €;Piso
Poble Sec;75;2;1;900 €;Piso
Glòries El Parc;64;;1;1.150 €;Piso
Sant Gervasi - Bonanova;53;;1;950 €;Piso
Raval;81;2;1;2.300 €;Piso
Sants;52;;1;1.300 €;Piso
Vila de Gràcia;40;;1;850 €;Piso
Badal;65;2;1;1.190 €;Piso
Navas;86;3;2;1.075 €;Piso
Turó de la Peira - Can Peguera;72;3;1;814 €;Piso
Les Corts;108;4;2;1.600 €;Piso
Sant Gervasi - Bonanova;75;2;1;990 €;Piso
Poblenou;70;3;1;950 €;Piso
Sagrada Família;83;3;2;1.200 €;Piso
Sant Gervasi - Galvany;140;2;1;1.500 €;Piso
Esquerra Alta de l´Eixample;104;4;2;1.320 €;Piso
Glòries El Parc;120;3;2;2.900 €;Piso
Gòtic;41;;1;900 €;Loft
Putget - Farró;65;2;1;1.000 €;Piso
Dreta de l´Eixample;151;3;2;1.658 €;Piso
Vila de Gràcia;120;;2;1.300 €;Piso
Esquerra Alta de l´Eixample;63;2;1;950 €;Piso
Gòtic;52;;2;1.200 €;Apartamento
Gòtic;52;;2;1.200 €;Apartamento
Camp d´en Grassot - Gràcia N.;80;3;1;950 €;Piso
Raval;55;;1;690 €;Apartamento
Sant Gervasi - Galvany;60;2;1;990 €;Piso
Diagonal Mar - La Mar Bella;120;3;2;2.100 €;Piso
Dreta de l´Eixample;48;;1;900 €;Apartamento
Putget - Farró;70;2;1;1.150 €;Piso
Vila de Gràcia;70;;1;1.450 €;Piso
Raval;50;2;1;800 €;Piso
Vila de Gràcia;90;3;2;1.300 €;Piso
Sant Antoni;67;;1;1.100 €;Piso
Taxonera;60;3;1;740 €;Piso
Dreta de l´Eixample;85;2;1;1.850 €;Apartamento
Pedralbes;100;3;2;1.400 €;Piso
Dreta de l´Eixample;80;3;2;2.680 €;Apartamento
La Salut;170;4;2;1.450 €;Piso
Esquerra Baixa de l´Eixample;60;3;1;990 €;Piso
Sant Andreu;62;3;2;795 €;Apartamento
Navas;74;3;1;900 €;Piso
Sants;45;;1;1.100 €;Piso
Gòtic;72;2;1;1.250 €;Piso
Esquerra Alta de l´Eixample;94;3;2;1.300 €;Apartamento
Sagrada Família;105;3;2;1.300 €;Piso
Raval;85;2;1;950 €;Apartamento
Sagrada Família;55;2;1;900 €;Piso
Putget - Farró;230;6;3;2.900 €;Piso
Sant Andreu;55;2;1;840 €;Ático
Esquerra Alta de l´Eixample;38;;1;1.500 €;Ático
Gòtic;115;3;2;1.400 €;Piso
Fort Pienc;80;2;2;950 €;Piso
Raval;50;;1;750 €;Piso
Vallcarca - Penitents;66;2;1;950 €;Ático
Sarrià;75;;1;1.000 €;Ático
Esquerra Baixa de l´Eixample;146;5;2;1.600 €;Apartamento
Poble Sec;80;3;2;1.200 €;Apartamento
Esquerra Alta de l´Eixample;116;3;2;1.600 €;Piso
Vila de Gràcia;75;3;1;950 €;Piso
Sant Antoni;120;4;2;1.200 €;Piso
Sant Gervasi - Bonanova;45;2;1;850 €;Piso
Barceloneta;35;;1;850 €;Piso
Dreta de l´Eixample;85;3;2;1.200 €;Piso
Dreta de l´Eixample;40;;1;1.250 €;Apartamento
Poblenou;58;2;1;900 €;Piso
Tres Torres;95;2;2;3.500 €;Apartamento
Sant Gervasi - Galvany;93;2;1;1.800 €;Piso
Guinardó;97;4;2;1.100 €;Piso
Sagrada Família;90;3;2;1.100 €;Piso
Pedralbes;155;4;3;2.800 €;Apartamento
Les Corts;60;3;1;900 €;Piso
Sagrada Família;40;;1;790 €;Ático
Tres Torres;145;4;2;1.900 €;Piso
Sant Andreu;73;2;1;995 €;Piso
Sarrià;162;4;3;2.150 €;Piso
Tres Torres;103;3;1;1.300 €;Piso
Dreta de l´Eixample;95;2;3;1.590 €;Piso
Sants;88;2;2;1.600 €;Piso
La Salut;75;2;1;1.068 €;Apartamento
Badal;107;2;2;1.300 €;Piso
Sant Gervasi - Galvany;250;4;3;3.000 €;Piso
Sant Gervasi - Galvany;250;3;3;3.000 €;Piso
Putget - Farró;50;;1;930 €;Piso
Pedralbes;280;4;4;3.600 €;Piso
Esquerra Alta de l´Eixample;70;2;2;1.200 €;Piso
Vallcarca - Penitents;119;3;3;1.600 €;Piso
Pedralbes;100;4;2;1.400 €;Piso
Sant Gervasi - Bonanova;200;4;3;5.600 €;Piso
Sant Gervasi - Galvany;325;6;4;5.000 €;Piso
Gòtic;120;3;2;1.700 €;Piso
Vila de Gràcia;68;2;1;1.050 €;Piso
Pedralbes;140;4;3;2.000 €;Piso
Diagonal Mar - La Mar Bella;74;2;1;1.350 €;Piso
Sagrada Família;58;2;2;1.325 €;Piso
Dreta de l´Eixample;226;4;3;7.000 €;Piso
Dreta de l´Eixample;161;4;3;2.000 €;Piso
Raval;52;;1;750 €;Piso
Sant Gervasi - Bonanova;773;1;8;15.000 €;Casa
Vila de Gràcia;104;;1;1.600 €;Dúplex
La Salut;73;3;1;1.100 €;Ático
Sant Gervasi - Galvany;324;4;4;8.000 €;Ático
Esquerra Baixa de l´Eixample;75;3;1;1.000 €;Piso
Sant Gervasi - Galvany;322;5;5;4.900 €;Piso
Gòtic;84;2;1;969 €;Piso
Sant Gervasi - Galvany;60;2;1;990 €;Piso
Sant Gervasi - Galvany;520;5;5;8.500 €;Ático
Putget - Farró;100;4;2;1.350 €;Piso
Glòries El Parc;90;3;1;1.150 €;Piso
Les Corts;80;3;1;1.300 €;Piso
Raval;45;;1;725 €;Apartamento
Badal;62;;1;780 €;Apartamento
St. Pere - Sta. Caterina - El Born;56;;1;875 €;Piso
Sarrià;45;;1;1.046 €;Piso
Camp de l´Arpa;101;4;2;1.400 €;Piso
Gòtic;90;3;1;950 €;Piso
Sarrià;190;4;3;3.500 €;Piso
Sant Gervasi - Galvany;220;3;3;3.500 €;Ático
Sant Ramon - Maternitat;75;2;2;860 €;Piso
Dreta de l´Eixample;100;2;2;2.150 €;Piso
Diagonal Mar - La Mar Bella;350;4;4;3.000 €;Casa
La Sagrera;110;4;2;1.092 €;Apartamento
Dreta de l´Eixample;101;2;2;2.950 €;Piso
Fort Pienc;53;2;1;990 €;Piso
Esquerra Baixa de l´Eixample;140;4;2;2.000 €;Piso
Esquerra Alta de l´Eixample;75;4;1;1.000 €;Piso
El Clot;78;2;2;1.125 €;Apartamento
Esquerra Baixa de l´Eixample;74;2;1;1.200 €;Apartamento
Vila de Gràcia;154;5;4;2.750 €;Casa
Camp de l´Arpa;58;2;1;750 €;Piso
Sant Gervasi - Galvany;140;3;2;2.600 €;Piso
Badal;45;;1;600 €;Piso
Navas;90;;2;990 €;Dúplex
St. Pere - Sta. Caterina - El Born;112;3;2;1.800 €;Ático
La Bordeta;42;;1;800 €;Piso
Vila de Gràcia;125;3;2;1.850 €;Piso
Sagrada Família;83;3;2;1.050 €;Piso
Sant Gervasi - Bonanova;160;4;3;1.800 €;Piso
Glòries El Parc;90;4;1;1.000 €;Piso
Tres Torres;82;3;2;1.326 €;Piso
Vallcarca - Penitents;95;3;2;1.450 €;Piso
Gòtic;130;4;2;1.200 €;Piso
El Clot;111;3;2;1.350 €;Piso
Dreta de l´Eixample;194;5;3;2.000 €;Apartamento
Esquerra Alta de l´Eixample;110;3;2;1.990 €;Piso
Sant Antoni;85;3;2;1.275 €;Piso
Sant Gervasi - Bonanova;72;2;1;1.100 €;Piso
Sant Gervasi - Galvany;321;5;4;5.300 €;Piso
Sant Antoni;91;4;2;1.300 €;Piso
Raval;42;;1;650 €;Apartamento
Esquerra Alta de l´Eixample;45;2;1;890 €;Piso
Dreta de l´Eixample;47;;1;975 €;Piso
St. Pere - Sta. Caterina - El Born;67;2;2;1.200 €;Piso
Les Corts;74;3;1;990 €;Piso
Sant Gervasi - Galvany;75;3;2;910 €;Piso
Poble Sec;80;3;2;1.180 €;Piso
Raval;68;2;2;1.000 €;Piso
Les Corts;60;;1;875 €;Piso
Sant Antoni;74;2;1;1.000 €;Piso
Sant Ramon - Maternitat;95;4;2;1.550 €;Piso
Sant Antoni;96;3;1;1.183 €;Piso
Raval;100;3;2;950 €;Piso
Tres Torres;85;2;2;2.100 €;Piso
Sarrià;55;;1;1.175 €;Apartamento
Navas;60;2;2;1.020 €;Apartamento
St. Pere - Sta. Caterina - El Born;68;2;1;1.000 €;Piso
Sant Gervasi - Galvany;63;3;1;1.150 €;Piso
Esquerra Alta de l´Eixample;75;4;2;950 €;Piso
Raval;63;2;1;900 €;Piso
Sant Gervasi - Bonanova;60;3;1;950 €;Piso
Vallcarca - Penitents;45;2;1;800 €;Piso
Glòries El Parc;75;3;1;1.000 €;Piso
Dreta de l´Eixample;137;4;2;2.100 €;Piso
Esquerra Alta de l´Eixample;75;2;1;1.000 €;Piso
Esquerra Alta de l´Eixample;127;3;2;1.250 €;Piso
Sagrada Família;100;4;2;1.030 €;Piso
Vila de Gràcia;75;2;2;1.350 €;Piso
Camp de l´Arpa;68;3;1;900 €;Piso
Sant Gervasi - Galvany;90;3;2;1.275 €;Piso
Camp de l´Arpa;40;;1;625 €;Apartamento
Esquerra Baixa de l´Eixample;90;3;2;1.400 €;Piso
Dreta de l´Eixample;110;4;2;1.500 €;Piso
Hostafrancs;75;3;1;980 €;Piso
Taxonera;150;3;2;1.950 €;Apartamento
St. Pere - Sta. Caterina - El Born;108;3;2;1.650 €;Piso
Camp de l´Arpa;135;4;3;1.920 €;Dúplex
Sarrià;65;2;2;1.150 €;Piso
Vallcarca - Penitents;54;;1;930 €;Piso
Sant Andreu;61;2;1;820 €;Piso
Dreta de l´Eixample;95;3;1;950 €;Piso
St. Pere - Sta. Caterina - El Born;60;;1;875 €;Piso
Poblenou;55;2;1;850 €;Piso
Tres Torres;210;4;5;2.436 €;Piso
Sagrada Família;57;2;2;1.400 €;Piso
Les Corts;220;0;4;2.600 €;Piso
Sarrià;130;4;2;1.950 €;Piso
Badal;52;;1;850 €;Piso
Putget - Farró;170;3;3;2.800 €;Piso
Sant Gervasi - Bonanova;82;3;2;1.325 €;Piso
Dreta de l´Eixample;85;2;1;1.534 €;Piso
Camp d´en Grassot - Gràcia N.;62;2;1;1.100 €;Piso
Sant Gervasi - Bonanova;65;;1;1.000 €;Piso
Raval;44;2;1;1.050 €;Piso
Esquerra Alta de l´Eixample;75;2;1;1.300 €;Piso
Dreta de l´Eixample;85;2;2;2.000 €;Piso
Les Corts;80;3;1;1.300 €;Piso
Raval;235;5;3;3.000 €;Apartamento
Sagrada Família;75;2;1;990 €;Piso
Vila de Gràcia;74;3;1;1.050 €;Piso
Sant Gervasi - Galvany;110;2;2;1.850 €;Piso
Esquerra Alta de l´Eixample;80;2;1;975 €;Piso
Montbau;64;3;1;850 €;Piso
Sant Gervasi - Galvany;75;2;2;1.500 €;Planta
Gòtic;110;2;2;1.450 €;Piso
Esquerra Baixa de l´Eixample;111;4;2;1.295 €;Piso
Sarrià;65;;1;1.000 €;Piso
Badal;90;3;2;1.100 €;Piso
Sant Gervasi - Galvany;202;5;3;3.250 €;Piso
Raval;62;2;1;700 €;Piso
Sarrià;95;4;2;1.100 €;Piso
Raval;70;2;2;1.200 €;Piso
Font de la Guatlla;81;3;2;935 €;Piso
Diagonal Mar - La Mar Bella;77;2;1;1.200 €;Piso
Esquerra Baixa de l´Eixample;55;2;1;1.050 €;Piso
Camp d´en Grassot - Gràcia N.;59;2;1;895 €;Piso
Putget - Farró;100;3;2;1.175 €;Piso
Sant Gervasi - Galvany;47;;1;900 €;Piso
Sant Ramon - Maternitat;45;;1;800 €;Piso
Pedralbes;90;3;2;1.350 €;Piso
Raval;46;;1;800 €;Piso
Sants;91;3;2;1.000 €;Piso
Sant Antoni;47;2;1;725 €;Piso
Vila de Gràcia;85;4;1;1.300 €;Piso
St. Pere - Sta. Caterina - El Born;75;;1;1.300 €;Piso
Sant Gervasi - Bonanova;480;8;4;11.500 €;Chalet
Esquerra Baixa de l´Eixample;121;3;3;1.600 €;Piso
Sant Gervasi - Galvany;156;4;2;1.790 €;Piso
Gòtic;100;3;2;1.395 €;Piso
Esquerra Baixa de l´Eixample;68;2;1;1.390 €;Piso
Sarrià;131;3;3;2.500 €;Piso
Sarrià;80;3;1;1.200 €;Piso
Sant Gervasi - Galvany;73;2;2;1.247 €;Piso
Sant Gervasi - Bonanova;90;2;2;1.453 €;Piso
Hostafrancs;110;3;2;1.050 €;Piso
Sant Gervasi - Galvany;80;2;1;950 €;Piso
Sant Gervasi - Galvany;160;4;2;1.950 €;Piso
Esquerra Alta de l´Eixample;74;2;2;1.250 €;Piso
St. Pere - Sta. Caterina - El Born;101;2;2;2.300 €;Piso
Esquerra Alta de l´Eixample;92;3;2;1.450 €;Piso
Raval;84;3;1;1.200 €;Piso
Esquerra Alta de l´Eixample;90;4;2;1.400 €;Piso
Poblenou;50;2;1;890 €;Piso
Sants;76;2;2;1.100 €;Piso
Sant Gervasi - Galvany;129;3;2;1.948 €;Piso
Camp de l´Arpa;70;3;1;975 €;Piso
Vila de Gràcia;70;3;2;1.100 €;Piso
Dreta de l´Eixample;95;3;2;1.250 €;Piso
Sant Ramon - Maternitat;110;3;2;1.580 €;Piso
Esquerra Alta de l´Eixample;70;2;1;850 €;Apartamento
El Clot;110;4;2;1.150 €;Piso
Esquerra Baixa de l´Eixample;85;4;1;1.200 €;Piso
Sant Gervasi - Galvany;90;2;2;1.450 €;Piso
St. Pere - Sta. Caterina - El Born;53;;1;850 €;Apartamento
Les Corts;90;3;1;1.185 €;Piso
Raval;90;3;2;1.100 €;Piso
Poble Sec;65;2;1;800 €;Piso
Sant Gervasi - Galvany;390;5;4;5.900 €;Piso
La Sagrera;95;4;2;1.200 €;Piso
Vila de Gràcia;70;2;1;1.100 €;Piso
Diagonal Mar - La Mar Bella;95;4;2;1.550 €;Piso
St. Pere - Sta. Caterina - El Born;50;;1;750 €;Piso
Camp d´en Grassot - Gràcia N.;40;;1;950 €;Piso
Baix Guinardó;45;;1;730 €;Apartamento
Vila de Gràcia;54;2;1;850 €;Piso
Esquerra Alta de l´Eixample;39;;1;800 €;Piso
Poble Sec;83;;1;980 €;Loft
Sants;56;;1;895 €;Piso
Glòries El Parc;60;3;;975 €;Piso
Raval;150;4;2;1.900 €;Piso
La Salut;100;4;2;1.280 €;Piso
La Bordeta;84;2;2;1.350 €;Piso
St. Pere - Sta. Caterina - El Born;91;2;2;2.500 €;Piso
Hostafrancs;60;2;1;930 €;Piso
Sagrada Família;50;3;1;800 €;Piso
Tres Torres;67;2;1;10.923 €;Piso
Raval;82;2;1;1.200 €;Piso
Camp de l´Arpa;91;4;1;1.050 €;Piso
Esquerra Alta de l´Eixample;85;3;1;1.150 €;Piso
Dreta de l´Eixample;110;4;2;1.280 €;Piso
Sant Antoni;95;4;1;1.300 €;Piso
Esquerra Alta de l´Eixample;60;2;1;900 €;Piso
Guinardó;65;2;1;1.290 €;Ático
Sant Gervasi - Bonanova;169;4;3;2.200 €;Ático
Vila Olímpica;125;4;2;1.980 €;Piso
Dreta de l´Eixample;118;3;2;1.500 €;Piso
Dreta de l´Eixample;55;;1;1.200 €;Apartamento
Baix Guinardó;75;2;1;950 €;Piso
St. Pere - Sta. Caterina - El Born;133;5;2;1.500 €;Piso
La Salut;70;3;1;850 €;Piso
Raval;35;;1;750 €;Piso
Vallcarca - Penitents;68;3;1;950 €;Piso
Dreta de l´Eixample;186;3;3;4.500 €;Piso
Navas;78;4;1;900 €;Piso
Esquerra Baixa de l´Eixample;153;3;2;1.900 €;Piso
Esquerra Baixa de l´Eixample;78;2;1;1.250 €;Piso
Sant Gervasi - Galvany;52;2;1;1.100 €;Piso
La Bordeta;80;3;1;950 €;Piso
Putget - Farró;55;2;1;1.150 €;Ático
Vila Olímpica;140;4;2;1.700 €;Piso
El Clot;65;2;1;900 €;Piso
Sant Gervasi - Galvany;150;4;3;2.500 €;Piso
Camp d´en Grassot - Gràcia N.;79;3;1;980 €;Piso
Sant Gervasi - Galvany;45;;1;1.150 €;Piso
Poble Sec;35;2;1;625 €;Piso
La Salut;130;4;2;1.350 €;Piso
Poble Sec;42;3;1;740 €;Piso
Sant Gervasi - Galvany;177;5;3;2.985 €;Piso
Gòtic;60;2;1;1.250 €;Piso
Sant Antoni;100;3;2;1.450 €;Piso
Raval;87;2;2;2.000 €;Piso
Sant Andreu;145;4;2;1.190 €;Ático
Vila de Gràcia;70;2;1;1.000 €;Planta
Les Corts;90;4;2;1.290 €;Piso
Les Corts;65;2;2;1.200 €;Piso
Dreta de l´Eixample;96;2;1;1.150 €;Piso
Dreta de l´Eixample;86;2;2;1.300 €;Piso
Sant Gervasi - Galvany;80;3;2;1.300 €;Piso
Raval;44;2;1;950 €;Piso
Esquerra Baixa de l´Eixample;79;3;1;1.000 €;Piso
Carmel;55;2;1;750 €;Piso
Barceloneta;40;;1;700 €;Apartamento
Esquerra Baixa de l´Eixample;79;;1;1.390 €;Piso
Sarrià;160;4;3;1.750 €;Piso
Carmel;50;2;1;690 €;Piso
Sant Gervasi - Galvany;140;4;2;6.000 €;Apartamento
Sant Gervasi - Galvany;140;4;2;5.000 €;Apartamento
Esquerra Alta de l´Eixample;50;;1;780 €;Piso
Sagrada Família;65;;2;1.100 €;Piso
Camp d´en Grassot - Gràcia N.;87;4;1;1.050 €;Piso
Putget - Farró;115;3;2;1.600 €;Apartamento
St. Pere - Sta. Caterina - El Born;60;2;1;1.200 €;Loft
Dreta de l´Eixample;145;4;2;1.600 €;Piso
Dreta de l´Eixample;208;3;3;5.000 €;Piso
Sant Gervasi - Galvany;338;6;4;6.800 €;Piso
St. Pere - Sta. Caterina - El Born;70;2;1;1.400 €;Piso
Les Corts;60;2;1;1.000 €;Piso
Sagrada Família;89;4;2;1.200 €;Piso
El Clot;90;4;2;845 €;Piso
Esquerra Baixa de l´Eixample;72;3;1;1.100 €;Piso
Vallcarca - Penitents;32;2;1;650 €;Piso
Camp d´en Grassot - Gràcia N.;150;3;2;2.350 €;Piso
Poblenou;55;2;1;1.000 €;Planta
Sant Andreu;85;3;1;899 €;Piso